{"cameraMode":{"drawMode":0,"name":"Shaded","section":"Shading Mode"},"sceneLighting":true,"audioPlay":false,"sceneViewState":{"m_AlwaysRefresh":false,"showFog":true,"showSkybox":true,"showFlares":true,"showImageEffects":true,"showParticleSystems":true,"showVisualEffectGraphs":true,"m_FxEnabled":true},"in2DMode":false,"pivot":{"x":21.194433212280275,"y":14.641772270202637,"z":-271.5246887207031},"rotation":{"x":-0.003003924386575818,"y":0.9932928681373596,"z":0.02651766501367092,"w":0.1125221699476242},"size":39.25213623046875,"orthographic":false}